{
  "__type__": "cc.SpriteFrame",
  "content": {
    "name": "yxjm_kp_w_jz2",
    "atlas": "",
    "rect": {
      "x": 0,
      "y": 0,
      "width": 47,
      "height": 47
    },
    "offset": {
      "x": -0.5,
      "y": 0.5
    },
    "originalSize": {
      "width": 48,
      "height": 48
    },
    "rotated": false,
    "capInsets": [
      0,
      0,
      0,
      0
    ],
    "vertices": {
      "rawPosition": [
        -23.5,
        -23.5,
        0,
        23.5,
        -23.5,
        0,
        -23.5,
        23.5,
        0,
        23.5,
        23.5,
        0
      ],
      "indexes": [
        0,
        1,
        2,
        2,
        1,
        3
      ],
      "uv": [
        0,
        48,
        47,
        48,
        0,
        1,
        47,
        1
      ],
      "nuv": [
        0,
        0.020833333333333332,
        0.9791666666666666,
        0.020833333333333332,
        0,
        1,
        0.9791666666666666,
        1
      ],
      "minPos": {
        "x": -23.5,
        "y": -23.5,
        "z": 0
      },
      "maxPos": {
        "x": 23.5,
        "y": 23.5,
        "z": 0
      }
    },
    "texture": "e6ec0b0f-9050-4bd5-aebc-628a20338db8@6c48a",
    "packable": true,
    "pixelsToUnit": 100,
    "pivot": {
      "x": 0.5,
      "y": 0.5
    },
    "meshType": 0
  }
}