{
  "__type__": "cc.SpriteFrame",
  "content": {
    "name": "zljq",
    "atlas": "",
    "rect": {
      "x": 21,
      "y": 26,
      "width": 96,
      "height": 88
    },
    "offset": {
      "x": -1,
      "y": 0
    },
    "originalSize": {
      "width": 140,
      "height": 140
    },
    "rotated": false,
    "capInsets": [
      0,
      0,
      0,
      0
    ],
    "vertices": {
      "rawPosition": [
        -48,
        -44,
        0,
        48,
        -44,
        0,
        -48,
        44,
        0,
        48,
        44,
        0
      ],
      "indexes": [
        0,
        1,
        2,
        2,
        1,
        3
      ],
      "uv": [
        21,
        114,
        117,
        114,
        21,
        26,
        117,
        26
      ],
      "nuv": [
        0.15,
        0.18571428571428572,
        0.8357142857142857,
        0.18571428571428572,
        0.15,
        0.8142857142857143,
        0.8357142857142857,
        0.8142857142857143
      ],
      "minPos": {
        "x": -48,
        "y": -44,
        "z": 0
      },
      "maxPos": {
        "x": 48,
        "y": 44,
        "z": 0
      }
    },
    "texture": "9798df0f-94ea-4143-a765-d9a625604e0f@6c48a",
    "packable": true,
    "pixelsToUnit": 100,
    "pivot": {
      "x": 0.5,
      "y": 0.5
    },
    "meshType": 0
  }
}