{
  "__type__": "cc.SpriteFrame",
  "content": {
    "name": "4",
    "atlas": "",
    "rect": {
      "x": 1,
      "y": 0,
      "width": 176,
      "height": 213
    },
    "offset": {
      "x": 0.5,
      "y": 0.5
    },
    "originalSize": {
      "width": 177,
      "height": 214
    },
    "rotated": false,
    "capInsets": [
      0,
      0,
      0,
      0
    ],
    "vertices": {
      "rawPosition": [
        -88,
        -106.5,
        0,
        88,
        -106.5,
        0,
        -88,
        106.5,
        0,
        88,
        106.5,
        0
      ],
      "indexes": [
        0,
        1,
        2,
        2,
        1,
        3
      ],
      "uv": [
        1,
        214,
        177,
        214,
        1,
        1,
        177,
        1
      ],
      "nuv": [
        0.005649717514124294,
        0.004672897196261682,
        1,
        0.004672897196261682,
        0.005649717514124294,
        1,
        1,
        1
      ],
      "minPos": {
        "x": -88,
        "y": -106.5,
        "z": 0
      },
      "maxPos": {
        "x": 88,
        "y": 106.5,
        "z": 0
      }
    },
    "texture": "5f51ad0b-62f3-4e9d-b643-ea735ca2a599@6c48a",
    "packable": true,
    "pixelsToUnit": 100,
    "pivot": {
      "x": 0.5,
      "y": 0.5
    },
    "meshType": 0
  }
}