{
  "__type__": "cc.SpriteFrame",
  "content": {
    "name": "yxjm_kp_w",
    "atlas": "",
    "rect": {
      "x": 3,
      "y": 3,
      "width": 82,
      "height": 109
    },
    "offset": {
      "x": 0,
      "y": 0
    },
    "originalSize": {
      "width": 88,
      "height": 115
    },
    "rotated": false,
    "capInsets": [
      0,
      0,
      0,
      0
    ],
    "vertices": {
      "rawPosition": [
        -41,
        -54.5,
        0,
        41,
        -54.5,
        0,
        -41,
        54.5,
        0,
        41,
        54.5,
        0
      ],
      "indexes": [
        0,
        1,
        2,
        2,
        1,
        3
      ],
      "uv": [
        3,
        112,
        85,
        112,
        3,
        3,
        85,
        3
      ],
      "nuv": [
        0.03409090909090909,
        0.02608695652173913,
        0.9659090909090909,
        0.02608695652173913,
        0.03409090909090909,
        0.9739130434782609,
        0.9659090909090909,
        0.9739130434782609
      ],
      "minPos": {
        "x": -41,
        "y": -54.5,
        "z": 0
      },
      "maxPos": {
        "x": 41,
        "y": 54.5,
        "z": 0
      }
    },
    "texture": "d4941e17-44f8-4360-9902-bef57c3a949d@6c48a",
    "packable": true,
    "pixelsToUnit": 100,
    "pivot": {
      "x": 0.5,
      "y": 0.5
    },
    "meshType": 0
  }
}