{
  "__type__": "cc.SpriteFrame",
  "content": {
    "name": "yxjm_dk",
    "atlas": "",
    "rect": {
      "x": 0,
      "y": 2,
      "width": 640,
      "height": 116
    },
    "offset": {
      "x": 0,
      "y": -1
    },
    "originalSize": {
      "width": 640,
      "height": 118
    },
    "rotated": false,
    "capInsets": [
      0,
      0,
      0,
      0
    ],
    "vertices": {
      "rawPosition": [
        -320,
        -58,
        0,
        320,
        -58,
        0,
        -320,
        58,
        0,
        320,
        58,
        0
      ],
      "indexes": [
        0,
        1,
        2,
        2,
        1,
        3
      ],
      "uv": [
        0,
        116,
        640,
        116,
        0,
        0,
        640,
        0
      ],
      "nuv": [
        0,
        0,
        1,
        0,
        0,
        0.9830508474576272,
        1,
        0.9830508474576272
      ],
      "minPos": {
        "x": -320,
        "y": -58,
        "z": 0
      },
      "maxPos": {
        "x": 320,
        "y": 58,
        "z": 0
      }
    },
    "texture": "25a27e25-28ba-468d-85bf-784ee806b20c@6c48a",
    "packable": true,
    "pixelsToUnit": 100,
    "pivot": {
      "x": 0.5,
      "y": 0.5
    },
    "meshType": 0
  }
}