{
  "__type__": "cc.SpriteFrame",
  "content": {
    "name": "2",
    "atlas": "",
    "rect": {
      "x": 0,
      "y": 0,
      "width": 144,
      "height": 211
    },
    "offset": {
      "x": -0.5,
      "y": 0
    },
    "originalSize": {
      "width": 145,
      "height": 211
    },
    "rotated": false,
    "capInsets": [
      0,
      0,
      0,
      0
    ],
    "vertices": {
      "rawPosition": [
        -72,
        -105.5,
        0,
        72,
        -105.5,
        0,
        -72,
        105.5,
        0,
        72,
        105.5,
        0
      ],
      "indexes": [
        0,
        1,
        2,
        2,
        1,
        3
      ],
      "uv": [
        0,
        211,
        144,
        211,
        0,
        0,
        144,
        0
      ],
      "nuv": [
        0,
        0,
        0.993103448275862,
        0,
        0,
        1,
        0.993103448275862,
        1
      ],
      "minPos": {
        "x": -72,
        "y": -105.5,
        "z": 0
      },
      "maxPos": {
        "x": 72,
        "y": 105.5,
        "z": 0
      }
    },
    "texture": "404aa45b-ee0a-4ca0-bb45-01ef82272122@6c48a",
    "packable": true,
    "pixelsToUnit": 100,
    "pivot": {
      "x": 0.5,
      "y": 0.5
    },
    "meshType": 0
  }
}