{
  "__type__": "cc.SpriteFrame",
  "content": {
    "name": "1",
    "atlas": "",
    "rect": {
      "x": 0,
      "y": 0,
      "width": 156,
      "height": 213
    },
    "offset": {
      "x": 0,
      "y": 0.5
    },
    "originalSize": {
      "width": 156,
      "height": 214
    },
    "rotated": false,
    "capInsets": [
      0,
      0,
      0,
      0
    ],
    "vertices": {
      "rawPosition": [
        -78,
        -106.5,
        0,
        78,
        -106.5,
        0,
        -78,
        106.5,
        0,
        78,
        106.5,
        0
      ],
      "indexes": [
        0,
        1,
        2,
        2,
        1,
        3
      ],
      "uv": [
        0,
        214,
        156,
        214,
        0,
        1,
        156,
        1
      ],
      "nuv": [
        0,
        0.004672897196261682,
        1,
        0.004672897196261682,
        0,
        1,
        1,
        1
      ],
      "minPos": {
        "x": -78,
        "y": -106.5,
        "z": 0
      },
      "maxPos": {
        "x": 78,
        "y": 106.5,
        "z": 0
      }
    },
    "texture": "42675dfa-1c18-4dd7-b431-bfcbc05ab187@6c48a",
    "packable": true,
    "pixelsToUnit": 100,
    "pivot": {
      "x": 0.5,
      "y": 0.5
    },
    "meshType": 0
  }
}