{
  "__type__": "cc.SpriteFrame",
  "content": {
    "name": "yxjm_kp_w_jz1",
    "atlas": "",
    "rect": {
      "x": 1,
      "y": 1,
      "width": 45,
      "height": 45
    },
    "offset": {
      "x": -0.5,
      "y": 0.5
    },
    "originalSize": {
      "width": 48,
      "height": 48
    },
    "rotated": false,
    "capInsets": [
      0,
      0,
      0,
      0
    ],
    "vertices": {
      "rawPosition": [
        -22.5,
        -22.5,
        0,
        22.5,
        -22.5,
        0,
        -22.5,
        22.5,
        0,
        22.5,
        22.5,
        0
      ],
      "indexes": [
        0,
        1,
        2,
        2,
        1,
        3
      ],
      "uv": [
        1,
        47,
        46,
        47,
        1,
        2,
        46,
        2
      ],
      "nuv": [
        0.020833333333333332,
        0.041666666666666664,
        0.9583333333333334,
        0.041666666666666664,
        0.020833333333333332,
        0.9791666666666666,
        0.9583333333333334,
        0.9791666666666666
      ],
      "minPos": {
        "x": -22.5,
        "y": -22.5,
        "z": 0
      },
      "maxPos": {
        "x": 22.5,
        "y": 22.5,
        "z": 0
      }
    },
    "texture": "a74f5f3e-e01a-46bf-b332-ec3f2a28db11@6c48a",
    "packable": true,
    "pixelsToUnit": 100,
    "pivot": {
      "x": 0.5,
      "y": 0.5
    },
    "meshType": 0
  }
}