{
  "__type__": "cc.SpriteFrame",
  "content": {
    "name": "yxjm_tb_hq",
    "atlas": "",
    "rect": {
      "x": 1,
      "y": 1,
      "width": 133,
      "height": 133
    },
    "offset": {
      "x": 0.5,
      "y": -0.5
    },
    "originalSize": {
      "width": 134,
      "height": 134
    },
    "rotated": false,
    "capInsets": [
      0,
      0,
      0,
      0
    ],
    "vertices": {
      "rawPosition": [
        -66.5,
        -66.5,
        0,
        66.5,
        -66.5,
        0,
        -66.5,
        66.5,
        0,
        66.5,
        66.5,
        0
      ],
      "indexes": [
        0,
        1,
        2,
        2,
        1,
        3
      ],
      "uv": [
        1,
        133,
        134,
        133,
        1,
        0,
        134,
        0
      ],
      "nuv": [
        0.007462686567164179,
        0,
        1,
        0,
        0.007462686567164179,
        0.9925373134328358,
        1,
        0.9925373134328358
      ],
      "minPos": {
        "x": -66.5,
        "y": -66.5,
        "z": 0
      },
      "maxPos": {
        "x": 66.5,
        "y": 66.5,
        "z": 0
      }
    },
    "texture": "4449f7be-d327-4351-acb1-4fcf46144c5f@6c48a",
    "packable": true,
    "pixelsToUnit": 100,
    "pivot": {
      "x": 0.5,
      "y": 0.5
    },
    "meshType": 0
  }
}