{
  "__type__": "cc.SpriteFrame",
  "content": {
    "name": "yx_df_hsszbg",
    "atlas": "",
    "rect": {
      "x": 3,
      "y": 1,
      "width": 22,
      "height": 22
    },
    "offset": {
      "x": -1,
      "y": 1
    },
    "originalSize": {
      "width": 30,
      "height": 26
    },
    "rotated": false,
    "capInsets": [
      0,
      0,
      0,
      0
    ],
    "vertices": {
      "rawPosition": [
        -11,
        -11,
        0,
        11,
        -11,
        0,
        -11,
        11,
        0,
        11,
        11,
        0
      ],
      "indexes": [
        0,
        1,
        2,
        2,
        1,
        3
      ],
      "uv": [
        3,
        25,
        25,
        25,
        3,
        3,
        25,
        3
      ],
      "nuv": [
        0.1,
        0.11538461538461539,
        0.8333333333333334,
        0.11538461538461539,
        0.1,
        0.9615384615384616,
        0.8333333333333334,
        0.9615384615384616
      ],
      "minPos": {
        "x": -11,
        "y": -11,
        "z": 0
      },
      "maxPos": {
        "x": 11,
        "y": 11,
        "z": 0
      }
    },
    "texture": "e0f07f35-5539-4772-8630-7d7325312104@6c48a",
    "packable": true,
    "pixelsToUnit": 100,
    "pivot": {
      "x": 0.5,
      "y": 0.5
    },
    "meshType": 0
  }
}