{
  "__type__": "cc.SpriteFrame",
  "content": {
    "name": "yxjm_tb_hq4",
    "atlas": "",
    "rect": {
      "x": 0,
      "y": 0,
      "width": 145,
      "height": 145
    },
    "offset": {
      "x": -0.5,
      "y": 0.5
    },
    "originalSize": {
      "width": 146,
      "height": 146
    },
    "rotated": false,
    "capInsets": [
      0,
      0,
      0,
      0
    ],
    "vertices": {
      "rawPosition": [
        -72.5,
        -72.5,
        0,
        72.5,
        -72.5,
        0,
        -72.5,
        72.5,
        0,
        72.5,
        72.5,
        0
      ],
      "indexes": [
        0,
        1,
        2,
        2,
        1,
        3
      ],
      "uv": [
        0,
        146,
        145,
        146,
        0,
        1,
        145,
        1
      ],
      "nuv": [
        0,
        0.00684931506849315,
        0.9931506849315068,
        0.00684931506849315,
        0,
        1,
        0.9931506849315068,
        1
      ],
      "minPos": {
        "x": -72.5,
        "y": -72.5,
        "z": 0
      },
      "maxPos": {
        "x": 72.5,
        "y": 72.5,
        "z": 0
      }
    },
    "texture": "a2bd22fc-6d3f-4cdd-a8e9-c8f7361c46f2@6c48a",
    "packable": true,
    "pixelsToUnit": 100,
    "pivot": {
      "x": 0.5,
      "y": 0.5
    },
    "meshType": 0
  }
}